file_id,entity_id,entity_type,raw_layer,length,bbox_x_min,bbox_y_min,bbox_x_max,bbox_y_max,bbox_width,bbox_height,aspect_ratio,center_x,center_y,start_x,start_y,end_x,end_y,radius,start_angle,end_angle,n_vertices,is_closed,text_content,is_geometric,weak_label
1452880594149_Architectural_Floor Pan Examplel 01,1452880594149_Architectural_Floor Pan Examplel 01__0,INSERT,www.cadblocksfree.com,,30960.866928330623,23522.194297851554,85353.45204909628,25065.89766256053,54392.58512076565,1543.7033647089738,35.23512765745639,58157.15948871345,24294.045980206043,,,,,,,,,,,False,other
1452880594149_Architectural_Floor Pan Examplel 01,1452880594149_Architectural_Floor Pan Examplel 01__1,INSERT,www.cadblocksfree.com,,39565.34405978479,26631.82564910068,62879.71205630165,50894.88443608069,23314.367996516863,24263.05878698001,0.9608997860165828,51222.528058043215,38763.35504259069,,,,,,,,,,,False,other
